{
  "accuracy": 0.895,
  "precision": 0.2941,
  "recall": 0.2041,
  "roc_auc": 0.8235,
  "confusion_matrix": [
    [
      527,
      24
    ],
    [
      39,
      10
    ]
  ],
  "classification_report": {
    "0": {
      "precision": 0.931095406360424,
      "recall": 0.956442831215971,
      "f1-score": 0.9435989256938228,
      "support": 551.0
    },
    "1": {
      "precision": 0.29411764705882354,
      "recall": 0.20408163265306123,
      "f1-score": 0.24096385542168675,
      "support": 49.0
    },
    "accuracy": 0.895,
    "macro avg": {
      "precision": 0.6126065267096238,
      "recall": 0.5802622319345161,
      "f1-score": 0.5922813905577547,
      "support": 600.0
    },
    "weighted avg": {
      "precision": 0.8790755560174599,
      "recall": 0.895,
      "f1-score": 0.8862170616215983,
      "support": 600.0
    }
  }
}